"system_id","initial","runuuid","id"
"1","no valid data in input provided","2e0642c6-524a-4606-8210-cb9090e01394","18"
"2","no valid data in input provided","2e0642c6-524a-4606-8210-cb9090e01394","16"
"3","no valid data in input provided","2e0642c6-524a-4606-8210-cb9090e01394","1"
"4","no valid data in input provided","2e0642c6-524a-4606-8210-cb9090e01394","19"
"5","no valid data in input provided","2e0642c6-524a-4606-8210-cb9090e01394","20"
"6","no valid data in input provided","2e0642c6-524a-4606-8210-cb9090e01394","8"
"7","no valid data in input provided","2e0642c6-524a-4606-8210-cb9090e01394","15"
"8","no valid data in input provided","2e0642c6-524a-4606-8210-cb9090e01394","3"
"9","no valid data in input provided","2e0642c6-524a-4606-8210-cb9090e01394","4"
"10","no valid data in input provided","2e0642c6-524a-4606-8210-cb9090e01394","11"
"11","no valid data in input provided","2e0642c6-524a-4606-8210-cb9090e01394","6"
"12","no valid data in input provided","2e0642c6-524a-4606-8210-cb9090e01394","9"
"13","no valid data in input provided","2e0642c6-524a-4606-8210-cb9090e01394","12"
"14","no valid data in input provided","2e0642c6-524a-4606-8210-cb9090e01394","2"
"15","no valid data in input provided","2e0642c6-524a-4606-8210-cb9090e01394","17"
"16","no valid data in input provided","2e0642c6-524a-4606-8210-cb9090e01394","5"
"17","no valid data in input provided","2e0642c6-524a-4606-8210-cb9090e01394","10"
"18","no valid data in input provided","2e0642c6-524a-4606-8210-cb9090e01394","7"
"19","no valid data in input provided","2e0642c6-524a-4606-8210-cb9090e01394","13"
"20","no valid data in input provided","2e0642c6-524a-4606-8210-cb9090e01394","14"
"21","no valid data in input provided","9f123c2a-d014-467b-94b1-0f6011d93039","18"
"22","no valid data in input provided","9f123c2a-d014-467b-94b1-0f6011d93039","16"
"23","no valid data in input provided","9f123c2a-d014-467b-94b1-0f6011d93039","1"
"24","no valid data in input provided","9f123c2a-d014-467b-94b1-0f6011d93039","19"
"25","no valid data in input provided","9f123c2a-d014-467b-94b1-0f6011d93039","8"
"26","no valid data in input provided","9f123c2a-d014-467b-94b1-0f6011d93039","15"
"27","no valid data in input provided","9f123c2a-d014-467b-94b1-0f6011d93039","3"
"28","no valid data in input provided","9f123c2a-d014-467b-94b1-0f6011d93039","20"
"29","no valid data in input provided","9f123c2a-d014-467b-94b1-0f6011d93039","11"
"30","no valid data in input provided","9f123c2a-d014-467b-94b1-0f6011d93039","6"
"31","no valid data in input provided","9f123c2a-d014-467b-94b1-0f6011d93039","4"
"32","no valid data in input provided","9f123c2a-d014-467b-94b1-0f6011d93039","12"
"33","no valid data in input provided","9f123c2a-d014-467b-94b1-0f6011d93039","9"
"34","no valid data in input provided","9f123c2a-d014-467b-94b1-0f6011d93039","2"
"35","no valid data in input provided","9f123c2a-d014-467b-94b1-0f6011d93039","17"
"36","no valid data in input provided","9f123c2a-d014-467b-94b1-0f6011d93039","5"
"37","no valid data in input provided","9f123c2a-d014-467b-94b1-0f6011d93039","13"
"38","no valid data in input provided","9f123c2a-d014-467b-94b1-0f6011d93039","14"
"39","no valid data in input provided","9f123c2a-d014-467b-94b1-0f6011d93039","7"
"40","no valid data in input provided","9f123c2a-d014-467b-94b1-0f6011d93039","10"
"41","no valid data in input provided","eeee3f22-257c-45c5-97df-692dc163b603","14"
"42","no valid data in input provided","eeee3f22-257c-45c5-97df-692dc163b603","16"
"43","no valid data in input provided","eeee3f22-257c-45c5-97df-692dc163b603","7"
"44","no valid data in input provided","eeee3f22-257c-45c5-97df-692dc163b603","6"
"45","no valid data in input provided","eeee3f22-257c-45c5-97df-692dc163b603","1"
"46","no valid data in input provided","eeee3f22-257c-45c5-97df-692dc163b603","19"
"47","no valid data in input provided","eeee3f22-257c-45c5-97df-692dc163b603","11"
"48","no valid data in input provided","eeee3f22-257c-45c5-97df-692dc163b603","20"
"49","no valid data in input provided","eeee3f22-257c-45c5-97df-692dc163b603","18"
"50","no valid data in input provided","eeee3f22-257c-45c5-97df-692dc163b603","8"
"51","no valid data in input provided","eeee3f22-257c-45c5-97df-692dc163b603","15"
"52","no valid data in input provided","eeee3f22-257c-45c5-97df-692dc163b603","3"
"53","no valid data in input provided","eeee3f22-257c-45c5-97df-692dc163b603","4"
"54","no valid data in input provided","eeee3f22-257c-45c5-97df-692dc163b603","12"
"55","no valid data in input provided","eeee3f22-257c-45c5-97df-692dc163b603","13"
"56","no valid data in input provided","eeee3f22-257c-45c5-97df-692dc163b603","2"
"57","no valid data in input provided","eeee3f22-257c-45c5-97df-692dc163b603","9"
"58","no valid data in input provided","eeee3f22-257c-45c5-97df-692dc163b603","5"
"59","no valid data in input provided","eeee3f22-257c-45c5-97df-692dc163b603","17"
"60","no valid data in input provided","eeee3f22-257c-45c5-97df-692dc163b603","10"
"61","no valid data in input provided","e90b03ba-507a-43c7-ae10-4826593a5de9","17"
"62","no valid data in input provided","e90b03ba-507a-43c7-ae10-4826593a5de9","14"
"63","no valid data in input provided","e90b03ba-507a-43c7-ae10-4826593a5de9","2"
"64","no valid data in input provided","e90b03ba-507a-43c7-ae10-4826593a5de9","5"
"65","no valid data in input provided","e90b03ba-507a-43c7-ae10-4826593a5de9","16"
"66","no valid data in input provided","e90b03ba-507a-43c7-ae10-4826593a5de9","6"
"67","no valid data in input provided","e90b03ba-507a-43c7-ae10-4826593a5de9","18"
"68","no valid data in input provided","e90b03ba-507a-43c7-ae10-4826593a5de9","10"
"69","no valid data in input provided","e90b03ba-507a-43c7-ae10-4826593a5de9","7"
"70","no valid data in input provided","e90b03ba-507a-43c7-ae10-4826593a5de9","1"
"71","no valid data in input provided","e90b03ba-507a-43c7-ae10-4826593a5de9","19"
"72","no valid data in input provided","e90b03ba-507a-43c7-ae10-4826593a5de9","11"
"73","no valid data in input provided","e90b03ba-507a-43c7-ae10-4826593a5de9","20"
"74","no valid data in input provided","e90b03ba-507a-43c7-ae10-4826593a5de9","15"
"75","no valid data in input provided","e90b03ba-507a-43c7-ae10-4826593a5de9","3"
"76","no valid data in input provided","e90b03ba-507a-43c7-ae10-4826593a5de9","4"
"77","no valid data in input provided","e90b03ba-507a-43c7-ae10-4826593a5de9","12"
"78","no valid data in input provided","e90b03ba-507a-43c7-ae10-4826593a5de9","8"
"79","no valid data in input provided","e90b03ba-507a-43c7-ae10-4826593a5de9","9"
"80","no valid data in input provided","e90b03ba-507a-43c7-ae10-4826593a5de9","13"
"81","no valid data in input provided","8dc42bf8-d2f4-42d1-92c3-3fc13a50a260","12"
"82","no valid data in input provided","8dc42bf8-d2f4-42d1-92c3-3fc13a50a260","4"
"83","no valid data in input provided","8dc42bf8-d2f4-42d1-92c3-3fc13a50a260","13"
"84","no valid data in input provided","8dc42bf8-d2f4-42d1-92c3-3fc13a50a260","9"
"85","no valid data in input provided","8dc42bf8-d2f4-42d1-92c3-3fc13a50a260","5"
"86","no valid data in input provided","8dc42bf8-d2f4-42d1-92c3-3fc13a50a260","10"
"87","no valid data in input provided","8dc42bf8-d2f4-42d1-92c3-3fc13a50a260","7"
"88","no valid data in input provided","8dc42bf8-d2f4-42d1-92c3-3fc13a50a260","2"
"89","no valid data in input provided","8dc42bf8-d2f4-42d1-92c3-3fc13a50a260","17"
"90","no valid data in input provided","8dc42bf8-d2f4-42d1-92c3-3fc13a50a260","14"
"91","no valid data in input provided","8dc42bf8-d2f4-42d1-92c3-3fc13a50a260","6"
"92","no valid data in input provided","8dc42bf8-d2f4-42d1-92c3-3fc13a50a260","11"
"93","no valid data in input provided","8dc42bf8-d2f4-42d1-92c3-3fc13a50a260","16"
"94","no valid data in input provided","8dc42bf8-d2f4-42d1-92c3-3fc13a50a260","1"
"95","no valid data in input provided","8dc42bf8-d2f4-42d1-92c3-3fc13a50a260","19"
"96","no valid data in input provided","8dc42bf8-d2f4-42d1-92c3-3fc13a50a260","18"
"97","no valid data in input provided","8dc42bf8-d2f4-42d1-92c3-3fc13a50a260","3"
"98","no valid data in input provided","8dc42bf8-d2f4-42d1-92c3-3fc13a50a260","15"
"99","no valid data in input provided","8dc42bf8-d2f4-42d1-92c3-3fc13a50a260","20"
"100","no valid data in input provided","8dc42bf8-d2f4-42d1-92c3-3fc13a50a260","8"
"101","no valid data in input provided","02064aaa-ccbc-4864-8244-b13ed73f0885","8"
"102","no valid data in input provided","02064aaa-ccbc-4864-8244-b13ed73f0885","20"
"103","no valid data in input provided","02064aaa-ccbc-4864-8244-b13ed73f0885","15"
"104","no valid data in input provided","02064aaa-ccbc-4864-8244-b13ed73f0885","3"
"105","no valid data in input provided","02064aaa-ccbc-4864-8244-b13ed73f0885","13"
"106","no valid data in input provided","02064aaa-ccbc-4864-8244-b13ed73f0885","9"
"107","no valid data in input provided","02064aaa-ccbc-4864-8244-b13ed73f0885","2"
"108","no valid data in input provided","02064aaa-ccbc-4864-8244-b13ed73f0885","4"
"109","no valid data in input provided","02064aaa-ccbc-4864-8244-b13ed73f0885","12"
"110","no valid data in input provided","02064aaa-ccbc-4864-8244-b13ed73f0885","17"
"111","no valid data in input provided","02064aaa-ccbc-4864-8244-b13ed73f0885","5"
"112","no valid data in input provided","02064aaa-ccbc-4864-8244-b13ed73f0885","16"
"113","no valid data in input provided","02064aaa-ccbc-4864-8244-b13ed73f0885","7"
"114","no valid data in input provided","02064aaa-ccbc-4864-8244-b13ed73f0885","14"
"115","no valid data in input provided","02064aaa-ccbc-4864-8244-b13ed73f0885","6"
"116","no valid data in input provided","02064aaa-ccbc-4864-8244-b13ed73f0885","18"
"117","no valid data in input provided","02064aaa-ccbc-4864-8244-b13ed73f0885","10"
"118","no valid data in input provided","02064aaa-ccbc-4864-8244-b13ed73f0885","11"
"119","no valid data in input provided","02064aaa-ccbc-4864-8244-b13ed73f0885","19"
"120","no valid data in input provided","02064aaa-ccbc-4864-8244-b13ed73f0885","1"
"121","no valid data in input provided","dbba6f00-bec4-46fa-9ac0-272c8e22a00d","1"
"122","no valid data in input provided","dbba6f00-bec4-46fa-9ac0-272c8e22a00d","16"
"123","no valid data in input provided","dbba6f00-bec4-46fa-9ac0-272c8e22a00d","19"
"124","no valid data in input provided","dbba6f00-bec4-46fa-9ac0-272c8e22a00d","11"
"125","no valid data in input provided","dbba6f00-bec4-46fa-9ac0-272c8e22a00d","8"
"126","no valid data in input provided","dbba6f00-bec4-46fa-9ac0-272c8e22a00d","15"
"127","no valid data in input provided","dbba6f00-bec4-46fa-9ac0-272c8e22a00d","3"
"128","no valid data in input provided","dbba6f00-bec4-46fa-9ac0-272c8e22a00d","4"
"129","no valid data in input provided","dbba6f00-bec4-46fa-9ac0-272c8e22a00d","20"
"130","no valid data in input provided","dbba6f00-bec4-46fa-9ac0-272c8e22a00d","12"
"131","no valid data in input provided","dbba6f00-bec4-46fa-9ac0-272c8e22a00d","13"
"132","no valid data in input provided","dbba6f00-bec4-46fa-9ac0-272c8e22a00d","9"
"133","no valid data in input provided","dbba6f00-bec4-46fa-9ac0-272c8e22a00d","2"
"134","no valid data in input provided","dbba6f00-bec4-46fa-9ac0-272c8e22a00d","17"
"135","no valid data in input provided","dbba6f00-bec4-46fa-9ac0-272c8e22a00d","5"
"136","no valid data in input provided","dbba6f00-bec4-46fa-9ac0-272c8e22a00d","10"
"137","no valid data in input provided","dbba6f00-bec4-46fa-9ac0-272c8e22a00d","18"
"138","no valid data in input provided","dbba6f00-bec4-46fa-9ac0-272c8e22a00d","6"
"139","no valid data in input provided","dbba6f00-bec4-46fa-9ac0-272c8e22a00d","7"
"140","no valid data in input provided","dbba6f00-bec4-46fa-9ac0-272c8e22a00d","14"
"141","no valid data in input provided","d27bd158-2e60-4df5-895a-ea311cae5812","18"
"142","no valid data in input provided","d27bd158-2e60-4df5-895a-ea311cae5812","6"
"143","no valid data in input provided","d27bd158-2e60-4df5-895a-ea311cae5812","16"
"144","no valid data in input provided","d27bd158-2e60-4df5-895a-ea311cae5812","1"
"145","no valid data in input provided","d27bd158-2e60-4df5-895a-ea311cae5812","20"
"146","no valid data in input provided","d27bd158-2e60-4df5-895a-ea311cae5812","8"
"147","no valid data in input provided","d27bd158-2e60-4df5-895a-ea311cae5812","15"
"148","no valid data in input provided","d27bd158-2e60-4df5-895a-ea311cae5812","19"
"149","no valid data in input provided","d27bd158-2e60-4df5-895a-ea311cae5812","11"
"150","no valid data in input provided","d27bd158-2e60-4df5-895a-ea311cae5812","3"
"151","no valid data in input provided","d27bd158-2e60-4df5-895a-ea311cae5812","4"
"152","no valid data in input provided","d27bd158-2e60-4df5-895a-ea311cae5812","12"
"153","no valid data in input provided","d27bd158-2e60-4df5-895a-ea311cae5812","13"
"154","no valid data in input provided","d27bd158-2e60-4df5-895a-ea311cae5812","9"
"155","no valid data in input provided","d27bd158-2e60-4df5-895a-ea311cae5812","2"
"156","no valid data in input provided","d27bd158-2e60-4df5-895a-ea311cae5812","7"
"157","no valid data in input provided","d27bd158-2e60-4df5-895a-ea311cae5812","10"
"158","no valid data in input provided","d27bd158-2e60-4df5-895a-ea311cae5812","17"
"159","no valid data in input provided","d27bd158-2e60-4df5-895a-ea311cae5812","5"
"160","no valid data in input provided","d27bd158-2e60-4df5-895a-ea311cae5812","14"
"161","no valid data in input provided","08b53ee6-ee46-4f29-a0fe-9831565ce535","18"
"162","no valid data in input provided","08b53ee6-ee46-4f29-a0fe-9831565ce535","16"
"163","no valid data in input provided","08b53ee6-ee46-4f29-a0fe-9831565ce535","1"
"164","no valid data in input provided","08b53ee6-ee46-4f29-a0fe-9831565ce535","19"
"165","no valid data in input provided","08b53ee6-ee46-4f29-a0fe-9831565ce535","11"
"166","no valid data in input provided","08b53ee6-ee46-4f29-a0fe-9831565ce535","20"
"167","no valid data in input provided","08b53ee6-ee46-4f29-a0fe-9831565ce535","8"
"168","no valid data in input provided","08b53ee6-ee46-4f29-a0fe-9831565ce535","15"
"169","no valid data in input provided","08b53ee6-ee46-4f29-a0fe-9831565ce535","6"
"170","no valid data in input provided","08b53ee6-ee46-4f29-a0fe-9831565ce535","3"
"171","no valid data in input provided","08b53ee6-ee46-4f29-a0fe-9831565ce535","4"
"172","no valid data in input provided","08b53ee6-ee46-4f29-a0fe-9831565ce535","5"
"173","no valid data in input provided","08b53ee6-ee46-4f29-a0fe-9831565ce535","13"
"174","no valid data in input provided","08b53ee6-ee46-4f29-a0fe-9831565ce535","9"
"175","no valid data in input provided","08b53ee6-ee46-4f29-a0fe-9831565ce535","2"
"176","no valid data in input provided","08b53ee6-ee46-4f29-a0fe-9831565ce535","17"
"177","no valid data in input provided","08b53ee6-ee46-4f29-a0fe-9831565ce535","12"
"178","no valid data in input provided","08b53ee6-ee46-4f29-a0fe-9831565ce535","14"
"179","no valid data in input provided","08b53ee6-ee46-4f29-a0fe-9831565ce535","7"
"180","no valid data in input provided","08b53ee6-ee46-4f29-a0fe-9831565ce535","10"
"181","no valid data in input provided","88d94014-f7b1-4339-b436-44b14a3d61e5","18"
"182","no valid data in input provided","88d94014-f7b1-4339-b436-44b14a3d61e5","16"
"183","no valid data in input provided","88d94014-f7b1-4339-b436-44b14a3d61e5","1"
"184","no valid data in input provided","88d94014-f7b1-4339-b436-44b14a3d61e5","19"
"185","no valid data in input provided","88d94014-f7b1-4339-b436-44b14a3d61e5","11"
"186","no valid data in input provided","88d94014-f7b1-4339-b436-44b14a3d61e5","20"
"187","no valid data in input provided","88d94014-f7b1-4339-b436-44b14a3d61e5","8"
"188","no valid data in input provided","88d94014-f7b1-4339-b436-44b14a3d61e5","15"
"189","no valid data in input provided","88d94014-f7b1-4339-b436-44b14a3d61e5","6"
"190","no valid data in input provided","88d94014-f7b1-4339-b436-44b14a3d61e5","3"
"191","no valid data in input provided","88d94014-f7b1-4339-b436-44b14a3d61e5","4"
"192","no valid data in input provided","88d94014-f7b1-4339-b436-44b14a3d61e5","13"
"193","no valid data in input provided","88d94014-f7b1-4339-b436-44b14a3d61e5","9"
"194","no valid data in input provided","88d94014-f7b1-4339-b436-44b14a3d61e5","2"
"195","no valid data in input provided","88d94014-f7b1-4339-b436-44b14a3d61e5","17"
"196","no valid data in input provided","88d94014-f7b1-4339-b436-44b14a3d61e5","12"
"197","no valid data in input provided","88d94014-f7b1-4339-b436-44b14a3d61e5","14"
"198","no valid data in input provided","88d94014-f7b1-4339-b436-44b14a3d61e5","7"
"199","no valid data in input provided","88d94014-f7b1-4339-b436-44b14a3d61e5","5"
"200","no valid data in input provided","88d94014-f7b1-4339-b436-44b14a3d61e5","10"
"201","no valid data in input provided","47b76d62-ad5c-4a99-a8aa-4686c9242f6a","14"
"202","no valid data in input provided","47b76d62-ad5c-4a99-a8aa-4686c9242f6a","16"
"203","no valid data in input provided","47b76d62-ad5c-4a99-a8aa-4686c9242f6a","1"
"204","no valid data in input provided","47b76d62-ad5c-4a99-a8aa-4686c9242f6a","19"
"205","no valid data in input provided","47b76d62-ad5c-4a99-a8aa-4686c9242f6a","11"
"206","no valid data in input provided","47b76d62-ad5c-4a99-a8aa-4686c9242f6a","20"
"207","no valid data in input provided","47b76d62-ad5c-4a99-a8aa-4686c9242f6a","8"
"208","no valid data in input provided","47b76d62-ad5c-4a99-a8aa-4686c9242f6a","7"
"209","no valid data in input provided","47b76d62-ad5c-4a99-a8aa-4686c9242f6a","6"
"210","no valid data in input provided","47b76d62-ad5c-4a99-a8aa-4686c9242f6a","18"
"211","no valid data in input provided","47b76d62-ad5c-4a99-a8aa-4686c9242f6a","15"
"212","no valid data in input provided","47b76d62-ad5c-4a99-a8aa-4686c9242f6a","3"
"213","no valid data in input provided","47b76d62-ad5c-4a99-a8aa-4686c9242f6a","12"
"214","no valid data in input provided","47b76d62-ad5c-4a99-a8aa-4686c9242f6a","13"
"215","no valid data in input provided","47b76d62-ad5c-4a99-a8aa-4686c9242f6a","9"
"216","no valid data in input provided","47b76d62-ad5c-4a99-a8aa-4686c9242f6a","2"
"217","no valid data in input provided","47b76d62-ad5c-4a99-a8aa-4686c9242f6a","4"
"218","no valid data in input provided","47b76d62-ad5c-4a99-a8aa-4686c9242f6a","10"
"219","no valid data in input provided","47b76d62-ad5c-4a99-a8aa-4686c9242f6a","5"
"220","no valid data in input provided","47b76d62-ad5c-4a99-a8aa-4686c9242f6a","17"
"221","no valid data in input provided","12f5c3cc-9a08-4e41-9c9c-b18697f0e99b","17"
"222","no valid data in input provided","12f5c3cc-9a08-4e41-9c9c-b18697f0e99b","14"
"223","no valid data in input provided","12f5c3cc-9a08-4e41-9c9c-b18697f0e99b","2"
"224","no valid data in input provided","12f5c3cc-9a08-4e41-9c9c-b18697f0e99b","5"
"225","no valid data in input provided","12f5c3cc-9a08-4e41-9c9c-b18697f0e99b","16"
"226","no valid data in input provided","12f5c3cc-9a08-4e41-9c9c-b18697f0e99b","6"
"227","no valid data in input provided","12f5c3cc-9a08-4e41-9c9c-b18697f0e99b","18"
"228","no valid data in input provided","12f5c3cc-9a08-4e41-9c9c-b18697f0e99b","10"
"229","no valid data in input provided","12f5c3cc-9a08-4e41-9c9c-b18697f0e99b","7"
"230","no valid data in input provided","12f5c3cc-9a08-4e41-9c9c-b18697f0e99b","1"
"231","no valid data in input provided","12f5c3cc-9a08-4e41-9c9c-b18697f0e99b","19"
"232","no valid data in input provided","12f5c3cc-9a08-4e41-9c9c-b18697f0e99b","11"
"233","no valid data in input provided","12f5c3cc-9a08-4e41-9c9c-b18697f0e99b","20"
"234","no valid data in input provided","12f5c3cc-9a08-4e41-9c9c-b18697f0e99b","8"
"235","no valid data in input provided","12f5c3cc-9a08-4e41-9c9c-b18697f0e99b","9"
"236","no valid data in input provided","12f5c3cc-9a08-4e41-9c9c-b18697f0e99b","13"
"237","no valid data in input provided","12f5c3cc-9a08-4e41-9c9c-b18697f0e99b","15"
"238","no valid data in input provided","12f5c3cc-9a08-4e41-9c9c-b18697f0e99b","3"
"239","no valid data in input provided","12f5c3cc-9a08-4e41-9c9c-b18697f0e99b","4"
"240","no valid data in input provided","12f5c3cc-9a08-4e41-9c9c-b18697f0e99b","12"
"241","no valid data in input provided","b4de0ea0-31cd-4e6a-8ed6-ef864b0ada39","12"
"242","no valid data in input provided","b4de0ea0-31cd-4e6a-8ed6-ef864b0ada39","4"
"243","no valid data in input provided","b4de0ea0-31cd-4e6a-8ed6-ef864b0ada39","13"
"244","no valid data in input provided","b4de0ea0-31cd-4e6a-8ed6-ef864b0ada39","9"
"245","no valid data in input provided","b4de0ea0-31cd-4e6a-8ed6-ef864b0ada39","17"
"246","no valid data in input provided","b4de0ea0-31cd-4e6a-8ed6-ef864b0ada39","5"
"247","no valid data in input provided","b4de0ea0-31cd-4e6a-8ed6-ef864b0ada39","10"
"248","no valid data in input provided","b4de0ea0-31cd-4e6a-8ed6-ef864b0ada39","7"
"249","no valid data in input provided","b4de0ea0-31cd-4e6a-8ed6-ef864b0ada39","2"
"250","no valid data in input provided","b4de0ea0-31cd-4e6a-8ed6-ef864b0ada39","6"
"251","no valid data in input provided","b4de0ea0-31cd-4e6a-8ed6-ef864b0ada39","14"
"252","no valid data in input provided","b4de0ea0-31cd-4e6a-8ed6-ef864b0ada39","19"
"253","no valid data in input provided","b4de0ea0-31cd-4e6a-8ed6-ef864b0ada39","18"
"254","no valid data in input provided","b4de0ea0-31cd-4e6a-8ed6-ef864b0ada39","16"
"255","no valid data in input provided","b4de0ea0-31cd-4e6a-8ed6-ef864b0ada39","1"
"256","no valid data in input provided","b4de0ea0-31cd-4e6a-8ed6-ef864b0ada39","15"
"257","no valid data in input provided","b4de0ea0-31cd-4e6a-8ed6-ef864b0ada39","8"
"258","no valid data in input provided","b4de0ea0-31cd-4e6a-8ed6-ef864b0ada39","11"
"259","no valid data in input provided","b4de0ea0-31cd-4e6a-8ed6-ef864b0ada39","20"
"260","no valid data in input provided","b4de0ea0-31cd-4e6a-8ed6-ef864b0ada39","3"
